{"stats":{"minecraft:used":{"minecraft:iron_shovel":509,"minecraft:ladder":24,"minecraft:oak_sign":11,"minecraft:chest":20,"minecraft:shield":55,"minecraft:iron_sword":39,"minecraft:bell":1,"minecraft:soul_sand":1,"minecraft:carrot":130,"minecraft:furnace_minecart":7,"minecraft:glass":2,"minecraft:lava_bucket":12,"minecraft:bow":236,"minecraft:furnace":5,"minecraft:potato":3,"minecraft:end_stone_bricks":5,"minecraft:stone_pickaxe":41,"minecraft:oak_planks":288,"minecraft:ender_pearl":6,"minecraft:wooden_pickaxe":6,"minecraft:composter":3,"minecraft:sugar_cane":1,"minecraft:diamond_axe":1821,"minecraft:purpur_pillar":10,"minecraft:end_stone":389,"minecraft:melon_slice":12,"minecraft:bread":74,"minecraft:lectern":234,"minecraft:gravel":12,"minecraft:diamond_sword":411,"minecraft:smithing_table":5,"minecraft:oak_boat":16,"minecraft:bone_meal":84,"minecraft:oak_trapdoor":49,"minecraft:purpur_block":6,"minecraft:enchanting_table":1,"minecraft:stone_sword":1,"minecraft:stone_shovel":246,"minecraft:netherrack":427,"minecraft:torch":13,"minecraft:dragon_egg":1,"minecraft:brewing_stand":1,"minecraft:dirt":419,"minecraft:anvil":1,"minecraft:hopper":9,"minecraft:shulker_box":1,"minecraft:oak_fence_gate":5,"minecraft:iron_hoe":95,"minecraft:bookshelf":15,"minecraft:iron_axe":48,"minecraft:golden_carrot":71,"minecraft:minecart":8,"minecraft:cooked_beef":17,"minecraft:crimson_stem":12,"minecraft:water_bucket":78,"minecraft:rail":167,"minecraft:oak_slab":119,"minecraft:crafting_table":24,"minecraft:white_bed":70,"minecraft:oak_log":1,"minecraft:ender_eye":20,"minecraft:diamond_pickaxe":3123,"minecraft:iron_pickaxe":345,"minecraft:stone_axe":213,"minecraft:cobblestone":46,"minecraft:bucket":90,"minecraft:yellow_bed":6},"minecraft:picked_up":{"minecraft:shulker_shell":13,"minecraft:anvil":1,"minecraft:smithing_table":4,"minecraft:lead":2,"minecraft:diamond_sword":4,"minecraft:enchanted_book":1,"minecraft:string":20,"minecraft:raw_copper":35,"minecraft:oak_sign":2,"minecraft:diamond_leggings":1,"minecraft:cobbled_deepslate":307,"minecraft:ender_eye":7,"minecraft:iron_pickaxe":2,"minecraft:melon_slice":31,"minecraft:furnace":3,"minecraft:stick":3,"minecraft:composter":1,"minecraft:torch":13,"minecraft:purpur_pillar":10,"minecraft:porkchop":26,"minecraft:pointed_dripstone":4,"minecraft:diorite":87,"minecraft:stone_sword":1,"minecraft:rotten_flesh":26,"minecraft:end_rod":2,"minecraft:blaze_rod":11,"minecraft:obsidian":4,"minecraft:iron_bars":13,"minecraft:cobblestone":926,"minecraft:furnace_minecart":7,"minecraft:water_bucket":1,"minecraft:leather_chestplate":1,"minecraft:feather":1,"minecraft:cooked_beef":17,"minecraft:magma_cream":1,"minecraft:andesite":25,"minecraft:iron_door":2,"minecraft:jungle_log":1,"minecraft:potato":3,"minecraft:flint":12,"minecraft:tuff":8,"minecraft:lapis_lazuli":126,"minecraft:dirt":914,"minecraft:bone":64,"minecraft:bow":63,"minecraft:wheat_seeds":42,"minecraft:raw_gold":27,"minecraft:bell":1,"minecraft:diamond_helmet":1,"minecraft:oak_planks":181,"minecraft:cooked_porkchop":11,"minecraft:sand":3,"minecraft:dispenser":4,"minecraft:diamond":59,"minecraft:crossbow":2,"minecraft:granite":60,"minecraft:emerald":45,"minecraft:bread":67,"minecraft:oak_sapling":4,"minecraft:netherrack":1019,"minecraft:chorus_fruit":25,"minecraft:crimson_roots":12,"minecraft:diamond_pickaxe":2,"minecraft:end_stone_bricks":5,"minecraft:crafting_table":19,"minecraft:ladder":10,"minecraft:chicken":1,"minecraft:nether_wart":9,"minecraft:leather_leggings":1,"minecraft:purpur_block":6,"minecraft:elytra":1,"minecraft:oak_trapdoor":22,"minecraft:beef":22,"minecraft:oak_boat":13,"minecraft:poppy":19,"minecraft:minecart":8,"minecraft:lectern":231,"minecraft:sugar_cane":126,"minecraft:chest":6,"minecraft:egg":6,"minecraft:raw_iron":49,"minecraft:end_stone":588,"minecraft:stone":3,"minecraft:carrot":189,"minecraft:redstone":144,"minecraft:iron_horse_armor":2,"minecraft:arrow":124,"minecraft:weeping_vines":11,"minecraft:diamond_chestplate":2,"minecraft:beetroot_seeds":1,"minecraft:nether_bricks":2,"minecraft:diamond_boots":1,"minecraft:purpur_slab":4,"minecraft:saddle":1,"minecraft:mutton":17,"minecraft:rail":61,"minecraft:white_wool":10,"minecraft:oxeye_daisy":1,"minecraft:basalt":99,"minecraft:crimson_stem":1223,"minecraft:leather":17,"minecraft:oak_log":233,"minecraft:yellow_bed":8,"minecraft:golden_boots":1,"minecraft:nether_wart_block":4,"minecraft:gunpowder":29,"minecraft:stone_bricks":3,"minecraft:oak_fence_gate":1,"minecraft:iron_ingot":196,"minecraft:iron_sword":1,"minecraft:soul_sand":3,"minecraft:oak_slab":9,"minecraft:emerald_block":11,"minecraft:quartz":164,"minecraft:dandelion":4,"minecraft:dripstone_block":2,"minecraft:gravel":18,"minecraft:lava_bucket":1,"minecraft:white_bed":67,"minecraft:spider_eye":18,"minecraft:dragon_egg":2,"minecraft:diamond_axe":1,"minecraft:gray_wool":1,"minecraft:coal":117,"minecraft:ender_pearl":22},"minecraft:dropped":{"minecraft:iron_sword":1,"minecraft:porkchop":12,"minecraft:lapis_lazuli":85,"minecraft:oak_log":8,"minecraft:chorus_fruit":25,"minecraft:ender_pearl":9,"minecraft:crossbow":2,"minecraft:weeping_vines":10,"minecraft:iron_horse_armor":1,"minecraft:saddle":1,"minecraft:rail":54,"minecraft:flint":11,"minecraft:emerald":12,"minecraft:dirt":221,"minecraft:dispenser":4,"minecraft:mutton":3,"minecraft:crimson_roots":4,"minecraft:iron_pickaxe":4,"minecraft:white_wool":1,"minecraft:bone":3,"minecraft:stone_axe":1,"minecraft:cobbled_deepslate":82,"minecraft:wheat":2,"minecraft:pointed_dripstone":4,"minecraft:rotten_flesh":22,"minecraft:oak_planks":15,"minecraft:end_stone":113,"minecraft:white_bed":2,"minecraft:carrot":62,"minecraft:poppy":579,"minecraft:leather_chestplate":1,"minecraft:beetroot_seeds":1,"minecraft:ladder":7,"minecraft:leather_leggings":1,"minecraft:arrow":23,"minecraft:glass":1,"minecraft:beef":13,"minecraft:netherrack":591,"minecraft:water_bucket":1,"minecraft:enchanted_book":2,"minecraft:stone_hoe":12,"minecraft:golden_boots":2,"minecraft:iron_ingot":44,"minecraft:oak_slab":10,"minecraft:wheat_seeds":20,"minecraft:dripstone_block":1,"minecraft:purpur_slab":4,"minecraft:iron_helmet":1,"minecraft:cobblestone":55,"minecraft:granite":16,"minecraft:grass_block":1,"minecraft:coal":2,"minecraft:end_rod":2,"minecraft:stick":12,"minecraft:oxeye_daisy":1,"minecraft:iron_block":25,"minecraft:gray_wool":1,"minecraft:diorite":50,"minecraft:golden_carrot":48,"minecraft:melon_slice":19,"minecraft:iron_door":2,"minecraft:iron_leggings":1,"minecraft:iron_axe":1,"minecraft:iron_shovel":1,"minecraft:string":25,"minecraft:dandelion":4,"minecraft:oak_trapdoor":2,"minecraft:stone_sword":2,"minecraft:raw_copper":2,"minecraft:tuff":8,"minecraft:raw_iron":9,"minecraft:stone_shovel":11,"minecraft:iron_boots":1,"minecraft:iron_hoe":1,"minecraft:ender_eye":1,"minecraft:flint_and_steel":1,"minecraft:diamond_sword":3,"minecraft:diamond_chestplate":1,"minecraft:diamond_pickaxe":2,"minecraft:dragon_egg":1,"minecraft:iron_chestplate":1,"minecraft:yellow_bed":2,"minecraft:oak_boat":8,"minecraft:oak_sapling":1,"minecraft:spider_eye":15,"minecraft:stone_bricks":3,"minecraft:diamond_boots":1,"minecraft:bow":61,"minecraft:stone_pickaxe":1,"minecraft:wooden_pickaxe":1},"minecraft:killed":{"minecraft:spider":14,"minecraft:shulker":22,"minecraft:skeleton":26,"minecraft:chicken":1,"minecraft:magma_cube":17,"minecraft:pig":9,"minecraft:zombie_villager":2,"minecraft:iron_golem":1,"minecraft:creeper":14,"minecraft:sheep":12,"minecraft:trader_llama":2,"minecraft:zombie":21,"minecraft:ghast":3,"minecraft:cow":10,"minecraft:blaze":10,"minecraft:drowned":1,"minecraft:wandering_trader":1,"minecraft:hoglin":6,"minecraft:wither_skeleton":5,"minecraft:enderman":11},"minecraft:custom":{"minecraft:interact_with_crafting_table":140,"minecraft:open_shulker_box":1,"minecraft:bell_ring":67,"minecraft:leave_game":13,"minecraft:time_since_death":1099618,"minecraft:sprint_one_cm":2308096,"minecraft:damage_blocked_by_shield":3040,"minecraft:drop":316,"minecraft:talked_to_villager":576,"minecraft:play_time":1100746,"minecraft:jump":14586,"minecraft:interact_with_brewingstand":1,"minecraft:walk_on_water_one_cm":126672,"minecraft:enchant_item":14,"minecraft:interact_with_furnace":26,"minecraft:traded_with_villager":837,"minecraft:sleep_in_bed":47,"minecraft:open_enderchest":1,"minecraft:damage_dealt":30144,"minecraft:crouch_one_cm":223891,"minecraft:interact_with_smithing_table":3,"minecraft:interact_with_anvil":8,"minecraft:mob_kills":193,"minecraft:inspect_hopper":3,"minecraft:climb_one_cm":53896,"minecraft:walk_one_cm":1402303,"minecraft:sneak_time":71744,"minecraft:walk_under_water_one_cm":59949,"minecraft:boat_one_cm":381654,"minecraft:total_world_time":1100746,"minecraft:interact_with_grindstone":13,"minecraft:time_since_rest":98492,"minecraft:damage_taken":6460,"minecraft:swim_one_cm":52864,"minecraft:fly_one_cm":3655381,"minecraft:open_chest":541,"minecraft:fall_one_cm":347851},"minecraft:mined":{"minecraft:white_bed":65,"minecraft:farmland":1,"minecraft:obsidian":6,"minecraft:granite":59,"minecraft:grass_block":612,"minecraft:jungle_log":1,"minecraft:purpur_slab":4,"minecraft:composter":1,"minecraft:oak_wall_sign":2,"minecraft:nether_wart":9,"minecraft:oxeye_daisy":1,"minecraft:spawner":1,"minecraft:weeping_vines_plant":10,"minecraft:iron_ore":29,"minecraft:fire":27,"minecraft:deepslate_lapis_ore":7,"minecraft:anvil":1,"minecraft:pointed_dripstone":1,"minecraft:dirt_path":21,"minecraft:end_stone_bricks":6,"minecraft:deepslate_redstone_ore":17,"minecraft:blackstone":2,"minecraft:crimson_nylium":6,"minecraft:torch":7,"minecraft:melon":6,"minecraft:chest":6,"minecraft:nether_quartz_ore":67,"minecraft:cobblestone":27,"minecraft:sugar_cane":63,"minecraft:oak_planks":177,"minecraft:iron_door":2,"minecraft:wall_torch":7,"minecraft:deepslate_copper_ore":3,"minecraft:nether_wart_block":4,"minecraft:wheat":4,"minecraft:purpur_block":6,"minecraft:oak_log":210,"minecraft:beetroots":2,"minecraft:oak_fence_gate":1,"minecraft:sand":3,"minecraft:dirt":312,"minecraft:netherrack":959,"minecraft:oak_leaves":35,"minecraft:deepslate":487,"minecraft:tuff":14,"minecraft:deepslate_diamond_ore":26,"minecraft:end_stone":512,"minecraft:ladder":1,"minecraft:nether_bricks":2,"minecraft:crimson_roots":9,"minecraft:weeping_vines":1,"minecraft:crimson_stem":1266,"minecraft:redstone_ore":8,"minecraft:oak_trapdoor":23,"minecraft:furnace":3,"minecraft:carrots":78,"minecraft:andesite":25,"minecraft:bell":1,"minecraft:potatoes":1,"minecraft:deepslate_iron_ore":2,"minecraft:vine":1,"minecraft:rail":9,"minecraft:stone":887,"minecraft:smithing_table":4,"minecraft:oak_slab":8,"minecraft:magenta_stained_glass":1,"minecraft:basalt":100,"minecraft:dandelion":3,"minecraft:crafting_table":19,"minecraft:short_grass":106,"minecraft:lectern":230,"minecraft:purpur_pillar":14,"minecraft:tall_grass":10,"minecraft:copper_ore":1,"minecraft:lapis_ore":8,"minecraft:deepslate_gold_ore":8,"minecraft:diorite":83,"minecraft:yellow_bed":3,"minecraft:coal_ore":45,"minecraft:end_rod":1,"minecraft:gravel":28,"minecraft:dripstone_block":2,"minecraft:cobweb":1,"minecraft:stone_bricks":3,"minecraft:gold_ore":6,"minecraft:fern":1},"minecraft:crafted":{"minecraft:oak_planks":896,"minecraft:oak_sign":9,"minecraft:blaze_powder":14,"minecraft:stone":3,"minecraft:bookshelf":18,"minecraft:shulker_box":2,"minecraft:glass":3,"minecraft:hopper":9,"minecraft:bow":38,"minecraft:iron_boots":1,"minecraft:chest":25,"minecraft:rail":160,"minecraft:stone_hoe":12,"minecraft:ender_eye":14,"minecraft:golden_boots":1,"minecraft:furnace_minecart":1,"minecraft:oak_slab":168,"minecraft:emerald":928,"minecraft:arrow":128,"minecraft:crafting_table":7,"minecraft:wooden_pickaxe":1,"minecraft:iron_helmet":1,"minecraft:smithing_table":1,"minecraft:brewing_stand":1,"minecraft:dispenser":37,"minecraft:lectern":3,"minecraft:iron_chestplate":1,"minecraft:book":54,"minecraft:paper":216,"minecraft:diamond_pickaxe":2,"minecraft:emerald_block":41,"minecraft:shield":2,"minecraft:stick":156,"minecraft:iron_ingot":3048,"minecraft:iron_pickaxe":2,"minecraft:iron_block":473,"minecraft:stone_sword":1,"minecraft:gold_ingot":6,"minecraft:composter":2,"minecraft:golden_carrot":144,"minecraft:redstone":92,"minecraft:stone_shovel":12,"minecraft:furnace":3,"minecraft:bone_meal":84,"minecraft:oak_trapdoor":30,"minecraft:flint_and_steel":1,"minecraft:iron_axe":1,"minecraft:ladder":21,"minecraft:iron_hoe":1,"minecraft:ender_pearl":15,"minecraft:stone_pickaxe":1,"minecraft:minecart":5,"minecraft:observer":32,"minecraft:sugar":24,"minecraft:crimson_planks":3440,"minecraft:enchanting_table":1,"minecraft:iron_sword":1,"minecraft:bucket":1,"minecraft:stone_axe":3,"minecraft:glowstone":8,"minecraft:enchanted_book":10,"minecraft:air":0,"minecraft:jungle_planks":4,"minecraft:oak_fence_gate":4,"minecraft:oak_boat":8,"minecraft:iron_shovel":4,"minecraft:iron_leggings":1,"minecraft:anvil":1,"minecraft:white_bed":3,"minecraft:lapis_lazuli":17},"minecraft:broken":{"minecraft:iron_shovel":1,"minecraft:stone_axe":2,"minecraft:stone_shovel":1,"minecraft:shield":1}},"DataVersion":3953}