{"stats":{"minecraft:custom":{"minecraft:animals_bred":62,"minecraft:interact_with_crafting_table":83,"minecraft:open_shulker_box":28,"minecraft:bell_ring":510,"minecraft:leave_game":26,"minecraft:time_since_death":391601,"minecraft:sprint_one_cm":2233807,"minecraft:damage_blocked_by_shield":1862,"minecraft:drop":335,"minecraft:talked_to_villager":634,"minecraft:play_time":1154863,"minecraft:deaths":1,"minecraft:jump":21299,"minecraft:interact_with_brewingstand":11,"minecraft:walk_on_water_one_cm":71742,"minecraft:enchant_item":24,"minecraft:interact_with_furnace":45,"minecraft:traded_with_villager":2104,"minecraft:sleep_in_bed":44,"minecraft:damage_dealt":42806,"minecraft:crouch_one_cm":189006,"minecraft:interact_with_smithing_table":3,"minecraft:interact_with_anvil":21,"minecraft:mob_kills":269,"minecraft:inspect_hopper":3,"minecraft:climb_one_cm":66173,"minecraft:walk_one_cm":1825214,"minecraft:sneak_time":42514,"minecraft:walk_under_water_one_cm":38090,"minecraft:boat_one_cm":360373,"minecraft:interact_with_blast_furnace":5,"minecraft:total_world_time":1154863,"minecraft:interact_with_grindstone":35,"minecraft:time_since_rest":1569,"minecraft:damage_taken":7638,"minecraft:swim_one_cm":34447,"minecraft:fly_one_cm":6658644,"minecraft:open_chest":367,"minecraft:aviate_one_cm":710885,"minecraft:fall_one_cm":571405},"minecraft:crafted":{"minecraft:grindstone":1,"minecraft:oak_planks":332,"minecraft:smooth_stone":16,"minecraft:chainmail_helmet":12,"minecraft:blaze_powder":2,"minecraft:stone":19,"minecraft:bookshelf":5,"minecraft:shulker_box":3,"minecraft:suspicious_stew":7,"minecraft:glass":32,"minecraft:diamond_helmet":3,"minecraft:bow":12,"minecraft:diamond_leggings":3,"minecraft:iron_boots":1,"minecraft:chest":6,"minecraft:golden_boots":2,"minecraft:glass_bottle":3,"minecraft:furnace_minecart":1,"minecraft:emerald":1858,"minecraft:arrow":288,"minecraft:diamond_axe":2,"minecraft:crafting_table":8,"minecraft:wooden_pickaxe":1,"minecraft:iron_helmet":1,"minecraft:smithing_table":1,"minecraft:fletching_table":1,"minecraft:apple":48,"minecraft:diamond_pickaxe":5,"minecraft:iron_chestplate":1,"minecraft:book":1,"minecraft:wooden_hoe":1,"minecraft:paper":63,"minecraft:charcoal":1,"minecraft:emerald_block":37,"minecraft:shield":5,"minecraft:stick":40,"minecraft:stone_slab":6,"minecraft:iron_ingot":2053,"minecraft:leather_chestplate":2,"minecraft:iron_pickaxe":2,"minecraft:iron_block":130,"minecraft:stone_sword":2,"minecraft:gold_ingot":29,"minecraft:shears":1,"minecraft:golden_carrot":78,"minecraft:cookie":144,"minecraft:redstone":48,"minecraft:leather_leggings":2,"minecraft:experience_bottle":108,"minecraft:furnace":5,"minecraft:blast_furnace":1,"minecraft:oak_trapdoor":4,"minecraft:iron_axe":2,"minecraft:ender_pearl":4,"minecraft:stone_pickaxe":1,"minecraft:diamond_boots":3,"minecraft:chainmail_leggings":12,"minecraft:minecart":2,"minecraft:wheat":234,"minecraft:cooked_beef":44,"minecraft:sugar":4,"minecraft:crimson_planks":8,"minecraft:crossbow":8,"minecraft:diamond_sword":7,"minecraft:iron_sword":1,"minecraft:leather_helmet":1,"minecraft:bucket":5,"minecraft:stone_axe":13,"minecraft:enchanted_book":14,"minecraft:air":0,"minecraft:bread":138,"minecraft:oak_boat":2,"minecraft:white_wool":1,"minecraft:fermented_spider_eye":1,"minecraft:wooden_axe":1,"minecraft:iron_leggings":1,"minecraft:white_bed":3,"minecraft:torch":44,"minecraft:lapis_lazuli":72,"minecraft:diamond_chestplate":3,"minecraft:firework_rocket":111},"minecraft:mined":{"minecraft:dragon_wall_head":1,"minecraft:white_bed":48,"minecraft:jungle_leaves":2,"minecraft:granite":2,"minecraft:grass_block":65,"minecraft:purpur_slab":2,"minecraft:composter":4,"minecraft:nether_wart":30,"minecraft:glowstone":5,"minecraft:iron_ore":3,"minecraft:fire":14,"minecraft:deepslate_lapis_ore":2,"minecraft:fletching_table":1,"minecraft:anvil":1,"minecraft:dirt_path":1,"minecraft:end_stone_bricks":22,"minecraft:brown_mushroom":3,"minecraft:smoker":1,"minecraft:purpur_stairs":1,"minecraft:torch":7,"minecraft:blast_furnace":1,"minecraft:melon":2,"minecraft:chest":5,"minecraft:cobblestone":5,"minecraft:sugar_cane":271,"minecraft:oak_planks":113,"minecraft:seagrass":1,"minecraft:wheat":158,"minecraft:purpur_block":11,"minecraft:oak_log":106,"minecraft:beetroots":7,"minecraft:sand":79,"minecraft:dirt":71,"minecraft:netherrack":4,"minecraft:oak_leaves":7,"minecraft:deepslate":16,"minecraft:nether_gold_ore":10,"minecraft:shulker_box":4,"minecraft:end_stone":175,"minecraft:red_mushroom":1,"minecraft:hay_block":28,"minecraft:oak_trapdoor":12,"minecraft:carrots":6,"minecraft:andesite":2,"minecraft:bell":17,"minecraft:nether_brick_fence":1,"minecraft:bookshelf":5,"minecraft:potatoes":15,"minecraft:chorus_plant":5,"minecraft:stone":248,"minecraft:smithing_table":3,"minecraft:soul_sand":8,"minecraft:basalt":7,"minecraft:dandelion":1,"minecraft:crafting_table":11,"minecraft:short_grass":140,"minecraft:lectern":10,"minecraft:purpur_pillar":29,"minecraft:tall_grass":36,"minecraft:copper_ore":2,"minecraft:deepslate_gold_ore":7,"minecraft:lapis_ore":4,"minecraft:diorite":4,"minecraft:yellow_bed":22,"minecraft:coal_ore":195,"minecraft:end_rod":5,"minecraft:gravel":35,"minecraft:cobweb":3,"minecraft:stone_bricks":1},"minecraft:picked_up":{"minecraft:shulker_shell":7,"minecraft:wheat":140,"minecraft:nether_brick_fence":1,"minecraft:anvil":2,"minecraft:smithing_table":3,"minecraft:lead":7,"minecraft:diamond_sword":6,"minecraft:enchanted_book":1,"minecraft:string":29,"minecraft:raw_copper":5,"minecraft:beetroot":7,"minecraft:diamond_leggings":1,"minecraft:black_shulker_box":7,"minecraft:gold_nugget":40,"minecraft:cobbled_deepslate":2,"minecraft:ender_eye":1,"minecraft:iron_pickaxe":1,"minecraft:melon_slice":10,"minecraft:stick":1,"minecraft:composter":8,"minecraft:torch":7,"minecraft:purpur_pillar":27,"minecraft:diorite":4,"minecraft:stone_sword":2,"minecraft:rotten_flesh":81,"minecraft:iron_block":43,"minecraft:end_rod":5,"minecraft:blaze_rod":7,"minecraft:cobblestone":245,"minecraft:furnace_minecart":1,"minecraft:cooked_beef":8,"minecraft:water_bucket":1,"minecraft:andesite":2,"minecraft:smoker":1,"minecraft:potato":59,"minecraft:flint":2,"minecraft:lapis_lazuli":172,"minecraft:dirt":470,"minecraft:bone":45,"minecraft:bow":14,"minecraft:wheat_seeds":417,"minecraft:raw_gold":17,"minecraft:bell":18,"minecraft:diamond_helmet":1,"minecraft:glowstone_dust":20,"minecraft:oak_planks":131,"minecraft:sand":76,"minecraft:grass_block":2,"minecraft:shulker_box":4,"minecraft:granite":2,"minecraft:chainmail_helmet":1,"minecraft:emerald":51,"minecraft:oak_sapling":4,"minecraft:netherrack":467,"minecraft:chorus_fruit":28,"minecraft:diamond_pickaxe":3,"minecraft:end_stone_bricks":24,"minecraft:crafting_table":11,"minecraft:ladder":1,"minecraft:nether_wart":29,"minecraft:leather_leggings":1,"minecraft:brown_mushroom":3,"minecraft:dragon_head":1,"minecraft:purpur_block":9,"minecraft:shield":1,"minecraft:oak_trapdoor":14,"minecraft:elytra":3,"minecraft:flint_and_steel":2,"minecraft:beef":150,"minecraft:oak_boat":18,"minecraft:minecart":1,"minecraft:poppy":6,"minecraft:lectern":9,"minecraft:sugar_cane":423,"minecraft:chest":5,"minecraft:raw_iron":2,"minecraft:end_stone":207,"minecraft:carrot":27,"minecraft:arrow":93,"minecraft:diamond_chestplate":2,"minecraft:beetroot_seeds":22,"minecraft:diamond_boots":2,"minecraft:purpur_slab":2,"minecraft:hay_block":30,"minecraft:mutton":36,"minecraft:white_wool":18,"minecraft:oxeye_daisy":3,"minecraft:basalt":4,"minecraft:golden_carrot":74,"minecraft:leather":103,"minecraft:red_mushroom":1,"minecraft:purpur_stairs":1,"minecraft:oak_log":121,"minecraft:golden_boots":1,"minecraft:yellow_bed":22,"minecraft:gunpowder":61,"minecraft:paper":51,"minecraft:stone_bricks":1,"minecraft:iron_ingot":638,"minecraft:soul_sand":8,"minecraft:book":15,"minecraft:oak_slab":5,"minecraft:emerald_block":28,"minecraft:dandelion":8,"minecraft:gravel":36,"minecraft:lava_bucket":1,"minecraft:blast_furnace":1,"minecraft:white_bed":49,"minecraft:spider_eye":5,"minecraft:dragon_egg":1,"minecraft:diamond_shovel":1,"minecraft:pumpkin_seeds":4,"minecraft:stone_axe":2,"minecraft:diamond_axe":1,"minecraft:black_wool":1,"minecraft:coal":227,"minecraft:ender_pearl":21},"minecraft:broken":{"minecraft:stone_axe":1,"minecraft:wooden_axe":1,"minecraft:stone_sword":1,"minecraft:wooden_pickaxe":1},"minecraft:killed_by":{"minecraft:zombie":1},"minecraft:dropped":{"minecraft:iron_sword":1,"minecraft:soul_sand":3,"minecraft:diamond_axe":2,"minecraft:lapis_lazuli":31,"minecraft:cooked_beef":25,"minecraft:oak_log":30,"minecraft:chorus_fruit":1,"minecraft:ender_pearl":6,"minecraft:diamond":5,"minecraft:crafting_table":1,"minecraft:crossbow":8,"minecraft:cookie":144,"minecraft:leather":5,"minecraft:elytra":1,"minecraft:leather_helmet":1,"minecraft:red_mushroom":1,"minecraft:emerald":84,"minecraft:dirt":143,"minecraft:black_shulker_box":6,"minecraft:sand":64,"minecraft:iron_pickaxe":3,"minecraft:bone":21,"minecraft:gravel":1,"minecraft:stone_axe":14,"minecraft:emerald_block":39,"minecraft:purpur_block":1,"minecraft:sugar_cane":1,"minecraft:cobbled_deepslate":2,"minecraft:beetroot":7,"minecraft:rotten_flesh":71,"minecraft:oak_planks":18,"minecraft:diamond_shovel":1,"minecraft:glowstone_dust":1,"minecraft:white_bed":1,"minecraft:carrot":3,"minecraft:poppy":310,"minecraft:leather_chestplate":2,"minecraft:gunpowder":18,"minecraft:beetroot_seeds":22,"minecraft:ladder":1,"minecraft:leather_leggings":2,"minecraft:arrow":137,"minecraft:end_stone_bricks":2,"minecraft:beef":24,"minecraft:water_bucket":1,"minecraft:iron_ingot":398,"minecraft:bread":78,"minecraft:wheat_seeds":122,"minecraft:diamond_leggings":2,"minecraft:iron_helmet":1,"minecraft:cobblestone":82,"minecraft:lead":3,"minecraft:granite":2,"minecraft:chainmail_helmet":13,"minecraft:grass_block":1,"minecraft:coal":64,"minecraft:stick":6,"minecraft:end_rod":5,"minecraft:oxeye_daisy":3,"minecraft:lava_bucket":1,"minecraft:iron_block":18,"minecraft:golden_carrot":26,"minecraft:diamond_helmet":2,"minecraft:potion":2,"minecraft:iron_leggings":1,"minecraft:iron_axe":1,"minecraft:paper":51,"minecraft:chainmail_leggings":12,"minecraft:string":15,"minecraft:bucket":1,"minecraft:dandelion":4,"minecraft:redstone":48,"minecraft:dragon_head":1,"minecraft:stone_sword":3,"minecraft:blaze_rod":6,"minecraft:raw_copper":5,"minecraft:bowl":4,"minecraft:raw_iron":2,"minecraft:iron_boots":1,"minecraft:stone_slab":5,"minecraft:shulker_box":1,"minecraft:shears":1,"minecraft:pumpkin_seeds":4,"minecraft:flint_and_steel":1,"minecraft:suspicious_stew":3,"minecraft:diamond_sword":7,"minecraft:shield":1,"minecraft:diamond_chestplate":3,"minecraft:diamond_pickaxe":3,"minecraft:iron_chestplate":1,"minecraft:andesite":2,"minecraft:yellow_bed":3,"minecraft:oak_sapling":2,"minecraft:oak_boat":2,"minecraft:spider_eye":5,"minecraft:stone_bricks":1,"minecraft:diamond_boots":2,"minecraft:bow":25,"minecraft:stone_pickaxe":1,"minecraft:black_wool":1},"minecraft:killed":{"minecraft:witch":1,"minecraft:spider":25,"minecraft:shulker":11,"minecraft:skeleton":21,"minecraft:silverfish":1,"minecraft:magma_cube":4,"minecraft:piglin":1,"minecraft:iron_golem":1,"minecraft:ender_dragon":1,"minecraft:creeper":14,"minecraft:sheep":15,"minecraft:trader_llama":4,"minecraft:zombie":48,"minecraft:blaze":14,"minecraft:cow":75,"minecraft:horse":8,"minecraft:drowned":1,"minecraft:wandering_trader":2,"minecraft:wither_skeleton":3,"minecraft:villager":1,"minecraft:enderman":6},"minecraft:used":{"minecraft:elytra":22,"minecraft:chest":8,"minecraft:shield":29,"minecraft:iron_sword":9,"minecraft:bell":17,"minecraft:rotten_flesh":10,"minecraft:furnace_minecart":1,"minecraft:lava_bucket":90,"minecraft:bow":180,"minecraft:furnace":3,"minecraft:golden_boots":1,"minecraft:diorite":3,"minecraft:end_stone_bricks":22,"minecraft:chorus_fruit":27,"minecraft:stone_pickaxe":85,"minecraft:oak_planks":243,"minecraft:ender_pearl":13,"minecraft:wooden_pickaxe":61,"minecraft:sugar_cane":61,"minecraft:diamond_axe":111,"minecraft:purpur_pillar":27,"minecraft:sand":9,"minecraft:purpur_stairs":1,"minecraft:blast_furnace":2,"minecraft:end_stone":207,"minecraft:shears":1,"minecraft:firework_rocket":40,"minecraft:melon_slice":10,"minecraft:bread":60,"minecraft:lectern":7,"minecraft:gravel":35,"minecraft:diamond_sword":402,"minecraft:grindstone":1,"minecraft:smithing_table":4,"minecraft:oak_boat":14,"minecraft:purpur_block":8,"minecraft:experience_bottle":108,"minecraft:oak_trapdoor":18,"minecraft:stone_sword":204,"minecraft:flint_and_steel":1,"minecraft:netherrack":467,"minecraft:torch":51,"minecraft:dragon_egg":1,"minecraft:dirt":294,"minecraft:anvil":2,"minecraft:shulker_box":4,"minecraft:wooden_axe":43,"minecraft:bookshelf":5,"minecraft:iron_axe":72,"minecraft:diamond_chestplate":21,"minecraft:golden_carrot":81,"minecraft:minecart":1,"minecraft:cooked_beef":27,"minecraft:wheat_seeds":191,"minecraft:water_bucket":73,"minecraft:glass_bottle":4,"minecraft:black_shulker_box":1,"minecraft:fletching_table":1,"minecraft:crafting_table":15,"minecraft:white_bed":46,"minecraft:wooden_hoe":46,"minecraft:ender_eye":1,"minecraft:diamond_pickaxe":417,"minecraft:diamond_shovel":94,"minecraft:iron_pickaxe":255,"minecraft:suspicious_stew":4,"minecraft:purpur_slab":2,"minecraft:stone_axe":134,"minecraft:potion":1,"minecraft:cobblestone":52,"minecraft:bucket":167,"minecraft:yellow_bed":17,"minecraft:diamond_leggings":1}},"DataVersion":3953}